{"cameraMode":{"drawMode":0,"name":"Shaded","section":"Shading Mode"},"sceneLighting":true,"audioPlay":false,"sceneViewState":{"m_AlwaysRefresh":false,"showFog":true,"showSkybox":true,"showFlares":true,"showImageEffects":true,"showParticleSystems":true,"showVisualEffectGraphs":true,"m_FxEnabled":true},"in2DMode":false,"pivot":{"x":9.282938003540039,"y":-0.029438018798828126,"z":5.492142677307129},"rotation":{"x":-0.17408041656017304,"y":-0.7576440572738648,"z":0.22444427013397218,"w":-0.5876545310020447},"size":12.604104995727539,"orthographic":true}