{"cameraMode":{"drawMode":0,"name":"Shaded","section":"Shading Mode"},"sceneLighting":true,"audioPlay":false,"sceneViewState":{"m_AlwaysRefresh":false,"showFog":true,"showSkybox":true,"showFlares":true,"showImageEffects":true,"showParticleSystems":true,"showVisualEffectGraphs":true,"m_FxEnabled":true},"in2DMode":false,"pivot":{"x":12.953344345092774,"y":4.209490776062012,"z":6.186762809753418},"rotation":{"x":-0.10640405118465424,"y":0.8912582397460938,"z":-0.27570605278015139,"w":-0.3440426290035248},"size":10.954292297363282,"orthographic":true}