{"cameraMode":{"drawMode":0,"name":"Shaded","section":"Shading Mode"},"sceneLighting":true,"audioPlay":false,"sceneViewState":{"m_AlwaysRefresh":false,"showFog":true,"showSkybox":true,"showFlares":true,"showImageEffects":true,"showParticleSystems":true,"showVisualEffectGraphs":true,"m_FxEnabled":true},"in2DMode":false,"pivot":{"x":-1.5399625301361085,"y":2.802156448364258,"z":-0.06412410736083985},"rotation":{"x":0.004622539039701223,"y":0.9933931827545166,"z":-0.10619818419218064,"w":0.043239884078502658},"size":4.6380934715271,"orthographic":false}