{"cameraMode":{"drawMode":0,"name":"Shaded","section":"Shading Mode"},"sceneLighting":false,"audioPlay":false,"sceneViewState":{"m_AlwaysRefresh":false,"showFog":true,"showSkybox":false,"showFlares":true,"showImageEffects":true,"showParticleSystems":true,"showVisualEffectGraphs":true,"m_FxEnabled":true},"in2DMode":false,"pivot":{"x":22.70796775817871,"y":13.229043006896973,"z":-3.9913177490234377},"rotation":{"x":0.045101530849933627,"y":-0.7963165640830994,"z":0.05983582139015198,"w":0.6002246737480164},"size":1.4061788320541382,"orthographic":true}