{"cameraMode":{"drawMode":0,"name":"Shaded","section":"Shading Mode"},"sceneLighting":false,"audioPlay":false,"sceneViewState":{"m_AlwaysRefresh":false,"showFog":true,"showSkybox":false,"showFlares":true,"showImageEffects":true,"showParticleSystems":true,"showVisualEffectGraphs":true,"m_FxEnabled":true},"in2DMode":false,"pivot":{"x":3.4800000190734865,"y":3.0699939727783205,"z":3.5200002193450929},"rotation":{"x":0.22153061628341676,"y":-0.39820024371147158,"z":0.09972748905420304,"w":0.884544312953949},"size":4.4778900146484379,"orthographic":true}