{"cameraMode":{"drawMode":0,"name":"Shaded","section":"Shading Mode"},"sceneLighting":false,"audioPlay":false,"sceneViewState":{"m_AlwaysRefresh":false,"showFog":true,"showSkybox":false,"showFlares":true,"showImageEffects":true,"showParticleSystems":true,"showVisualEffectGraphs":true,"m_FxEnabled":true},"in2DMode":false,"pivot":{"x":3.4800000190734865,"y":3.0699939727783205,"z":3.5200002193450929},"rotation":{"x":0.15256091952323914,"y":-0.47887176275253298,"z":0.08491576462984085,"w":0.8603494763374329},"size":7.593970775604248,"orthographic":true}