{"cameraMode":{"drawMode":0,"name":"Shaded","section":"Shading Mode"},"sceneLighting":false,"audioPlay":false,"sceneViewState":{"m_AlwaysRefresh":false,"showFog":true,"showSkybox":false,"showFlares":true,"showImageEffects":true,"showParticleSystems":true,"showVisualEffectGraphs":true,"m_FxEnabled":true},"in2DMode":false,"pivot":{"x":1.0790462493896485,"y":3.0696096420288088,"z":0.2119699865579605},"rotation":{"x":0.07925272732973099,"y":-0.845928430557251,"z":0.1312221884727478,"w":0.5108755826950073},"size":1.3399324417114258,"orthographic":true}