{"cameraMode":{"drawMode":0,"name":"Shaded","section":"Shading Mode"},"sceneLighting":true,"audioPlay":false,"sceneViewState":{"m_AlwaysRefresh":false,"showFog":true,"showSkybox":true,"showFlares":true,"showImageEffects":true,"showParticleSystems":true,"showVisualEffectGraphs":true,"m_FxEnabled":true},"in2DMode":false,"pivot":{"x":21.33847427368164,"y":13.076231002807618,"z":-4.310984134674072},"rotation":{"x":-0.0042887297458946709,"y":-0.9957094192504883,"z":0.06671056151390076,"w":-0.0640159472823143},"size":1.3110038042068482,"orthographic":true}