{"cameraMode":{"drawMode":0,"name":"Shaded","section":"Shading Mode"},"sceneLighting":true,"audioPlay":false,"sceneViewState":{"m_AlwaysRefresh":false,"showFog":true,"showSkybox":true,"showFlares":true,"showImageEffects":true,"showParticleSystems":true,"showVisualEffectGraphs":true,"m_FxEnabled":true},"in2DMode":false,"pivot":{"x":0.00993800163269043,"y":3.7119998931884767,"z":0.20537617802619935},"rotation":{"x":0.16792640089988709,"y":0.04434465244412422,"z":-0.007562436629086733,"w":0.9847753047943115},"size":4.397848606109619,"orthographic":true}