{"cameraMode":{"drawMode":0,"name":"Shaded","section":"Shading Mode"},"sceneLighting":true,"audioPlay":false,"sceneViewState":{"m_AlwaysRefresh":false,"showFog":true,"showSkybox":true,"showFlares":true,"showImageEffects":true,"showParticleSystems":true,"showVisualEffectGraphs":true,"m_FxEnabled":true},"in2DMode":false,"pivot":{"x":6.096278190612793,"y":3.321868419647217,"z":2.1371631622314455},"rotation":{"x":0.16716668009757996,"y":-0.023066071793437005,"z":0.003914020489901304,"w":0.9856588840484619},"size":4.8952860832214359,"orthographic":true}