{"cameraMode":{"drawMode":0,"name":"Shaded","section":"Shading Mode"},"sceneLighting":true,"audioPlay":false,"sceneViewState":{"m_AlwaysRefresh":false,"showFog":true,"showSkybox":true,"showFlares":true,"showImageEffects":true,"showParticleSystems":true,"showVisualEffectGraphs":true,"m_FxEnabled":true},"in2DMode":false,"pivot":{"x":8.849471092224121,"y":3.9619998931884767,"z":1.0108290910720826},"rotation":{"x":-0.27829888463020327,"y":-0.18214236199855805,"z":0.053838714957237247,"w":-0.9415318369865418},"size":5.71560001373291,"orthographic":true}