{"cameraMode":{"drawMode":0,"name":"Shaded","section":"Shading Mode"},"sceneLighting":true,"audioPlay":false,"sceneViewState":{"m_AlwaysRefresh":false,"showFog":true,"showSkybox":true,"showFlares":true,"showImageEffects":true,"showParticleSystems":true,"showVisualEffectGraphs":true,"m_FxEnabled":true},"in2DMode":false,"pivot":{"x":3.836090564727783,"y":3.712268352508545,"z":2.0028812885284426},"rotation":{"x":-0.31988897919654848,"y":-0.34957942366600039,"z":0.12835898995399476,"w":-0.8712025284767151},"size":5.066386699676514,"orthographic":true}