{"cameraMode":{"drawMode":0,"name":"Shaded","section":"Shading Mode"},"sceneLighting":true,"audioPlay":false,"sceneViewState":{"m_AlwaysRefresh":false,"showFog":true,"showSkybox":true,"showFlares":true,"showImageEffects":true,"showParticleSystems":true,"showVisualEffectGraphs":true,"m_FxEnabled":true},"in2DMode":false,"pivot":{"x":2.6981544494628908,"y":4.026991844177246,"z":3.4493818283081056},"rotation":{"x":-0.13574524223804475,"y":-0.13244366645812989,"z":0.01829383336007595,"w":-0.9817308187484741},"size":2.836174726486206,"orthographic":true}