{"cameraMode":{"drawMode":0,"name":"Shaded","section":"Shading Mode"},"sceneLighting":true,"audioPlay":false,"sceneViewState":{"m_AlwaysRefresh":false,"showFog":true,"showSkybox":true,"showFlares":true,"showImageEffects":true,"showParticleSystems":true,"showVisualEffectGraphs":true,"m_FxEnabled":true},"in2DMode":false,"pivot":{"x":2.2429020404815676,"y":4.749901294708252,"z":2.7174248695373537},"rotation":{"x":0.25803065299987795,"y":-0.29492008686065676,"z":0.0830552875995636,"w":0.9162752628326416},"size":3.720031261444092,"orthographic":true}